recording,unit_id,unit_index,region_index,window_start_s,window_end_s,window_dur_s,window_source,n_spikes,rate_hz,isi_mean_s,isi_median_s,cv_isi,burst_count,burst_spike_frac,mean_ibi_s,is_active,is_silent,sttc_mean_window,sttc_mean_unit,sttc_degree,n_active_units_window,sttc_dt_s,sttc_degree_thresh
ER52_ImpactWithBicuculline,s7a,0,0,0.0,419.58000000000004,419.58000000000004,region,308.0,0.7340674007340673,1.3539052117263843,0.11115000000000919,1.171707237722144,37.0,0.42207792207792205,10.54823263888889,1.0,0.0,0.7335196513953771,0.6934601536901664,65.0,66.0,0.05,0.1
ER52_ImpactWithBicuculline,s9a,1,0,0.0,419.58000000000004,419.58000000000004,region,1722.0,4.1041041041041035,0.24272871876815805,0.009575000000012324,2.850796102096797,180.0,0.997096399535424,2.224304748603352,1.0,0.0,0.7335196513953771,0.8349665686052996,65.0,66.0,0.05,0.1
ER52_ImpactWithBicuculline,s9b,2,0,0.0,419.58000000000004,419.58000000000004,region,1459.0,3.4772868106201438,0.28654070644718793,0.012275000000002478,2.598828509713242,180.0,0.9972583961617546,2.2289128491620094,1.0,0.0,0.7335196513953771,0.8280571367764941,65.0,66.0,0.05,0.1
ER52_ImpactWithBicuculline,s9c,3,0,0.0,419.58000000000004,419.58000000000004,region,211.0,0.5028838362171695,1.9886834523809522,1.8705874999999992,1.089215234740091,21.0,0.3127962085308057,19.583506250000003,1.0,0.0,0.7335196513953771,0.6084328678779516,65.0,66.0,0.05,0.1
ER52_ImpactWithBicuculline,s9d,4,0,0.0,419.58000000000004,419.58000000000004,region,474.0,1.1297011297011297,0.8788169133192388,0.04302500000000009,1.4608379289185578,88.0,0.7383966244725738,4.561275287356322,1.0,0.0,0.7335196513953771,0.6916592775216887,65.0,66.0,0.05,0.1
ER52_ImpactWithBicuculline,s10a,5,0,0.0,419.58000000000004,419.58000000000004,region,2358.0,5.619905619905619,0.17724604369961813,0.006300000000003081,3.369711917382276,182.0,1.0,2.1857011049723756,1.0,0.0,0.7335196513953771,0.7940835965181089,65.0,66.0,0.05,0.1
ER52_ImpactWithBicuculline,s11a,6,0,0.0,419.58000000000004,419.58000000000004,region,179.0,0.4266170932837599,2.320029353932584,2.1276000000000153,1.0724438132555982,13.0,0.21787709497206703,29.912770833333337,1.0,0.0,0.7335196513953771,0.6206527442580038,65.0,66.0,0.05,0.1
ER52_ImpactWithBicuculline,s11b,7,0,0.0,419.58000000000004,419.58000000000004,region,2189.0,5.21712188378855,0.1909364945155393,0.006637500000010732,3.2630066926179415,182.0,1.0,2.2038319060773457,1.0,0.0,0.7335196513953771,0.8580764695478145,65.0,66.0,0.05,0.1
ER52_ImpactWithBicuculline,s11c,8,0,0.0,419.58000000000004,419.58000000000004,region,6.0,0.014300014300014298,65.32627000000001,40.72252500000002,0.7152931762679766,0.0,0.0,,1.0,0.0,0.7335196513953771,0.4164959094341752,58.0,66.0,0.05,0.1
ER52_ImpactWithBicuculline,s12a,9,0,0.0,419.58000000000004,419.58000000000004,region,4173.0,9.945659945659944,0.10012963207094917,0.003550000000004161,4.590009225408519,182.0,1.0,2.196163812154697,1.0,0.0,0.7335196513953771,0.8192726512344463,65.0,66.0,0.05,0.1
ER52_ImpactWithBicuculline,s12b,10,0,0.0,419.58000000000004,419.58000000000004,region,1753.0,4.177987511320844,0.23842741152968036,0.007900000000002905,2.8925454015205827,182.0,1.0,2.2095653314917136,1.0,0.0,0.7335196513953771,0.8527291148036391,65.0,66.0,0.05,0.1
ER52_ImpactWithBicuculline,s12c,11,0,0.0,419.58000000000004,419.58000000000004,region,42.0,0.10010010010010009,9.625843292682926,6.7532250000000005,0.8668627071687977,0.0,0.0,,1.0,0.0,0.7335196513953771,0.48076102067582926,63.0,66.0,0.05,0.1
ER52_ImpactWithBicuculline,s13a,12,0,0.0,419.58000000000004,419.58000000000004,region,344.0,0.8198674865341531,1.2105231778425656,0.043450000000007094,1.2933768979695244,57.0,0.5755813953488372,6.908041964285713,1.0,0.0,0.7335196513953771,0.7218650737081381,65.0,66.0,0.05,0.1
ER52_ImpactWithBicuculline,s13b,13,0,0.0,419.58000000000004,419.58000000000004,region,6225.0,14.836264836264835,0.06712460234575836,0.0038250000000061846,5.584079261813965,182.0,1.0,2.1703069060773474,1.0,0.0,0.7335196513953771,0.8317254564454577,65.0,66.0,0.05,0.1
ER52_ImpactWithBicuculline,s14a,14,0,0.0,419.58000000000004,419.58000000000004,region,823.0,1.9614852948186279,0.5082357664233575,0.011112499999999526,1.8696051440153418,142.0,0.8590522478736331,2.8936925531914888,1.0,0.0,0.7335196513953771,0.808812593121432,65.0,66.0,0.05,0.1
ER52_ImpactWithBicuculline,s15a,15,0,0.0,419.58000000000004,419.58000000000004,region,11.0,0.02621669288335955,29.699577499999997,29.075924999999984,0.5274341421301285,0.0,0.0,,1.0,0.0,0.7335196513953771,0.4266199140648479,61.0,66.0,0.05,0.1
ER52_ImpactWithBicuculline,s15b,16,0,0.0,419.58000000000004,419.58000000000004,region,1805.0,4.301920968587635,0.23155608370288247,0.008249999999989654,2.9227174850566073,182.0,0.9988919667590028,2.197715331491713,1.0,0.0,0.7335196513953771,0.8563162994814483,65.0,66.0,0.05,0.1
ER52_ImpactWithBicuculline,s15c,17,0,0.0,419.58000000000004,419.58000000000004,region,0.0,0.0,,,,0.0,,,0.0,1.0,0.7335196513953771,,0.0,66.0,0.05,0.1
ER52_ImpactWithBicuculline,s16a,18,0,0.0,419.58000000000004,419.58000000000004,region,2336.0,5.567472234138901,0.17892047109207707,0.0085250000000201,3.349409666702539,182.0,1.0,2.1836749999999987,1.0,0.0,0.7335196513953771,0.8154493918722105,65.0,66.0,0.05,0.1
ER52_ImpactWithBicuculline,s16b,19,0,0.0,419.58000000000004,419.58000000000004,region,4254.0,10.138710138710138,0.0982347519398072,0.004700000000013915,4.579851116940661,182.0,1.0,2.1696542817679547,1.0,0.0,0.7335196513953771,0.8190382587613672,65.0,66.0,0.05,0.1
ER52_ImpactWithBicuculline,s17a,20,0,0.0,419.58000000000004,419.58000000000004,region,66.0,0.15730015730015728,6.425228846153845,3.2482250000000477,0.8710718217966332,0.0,0.0,,1.0,0.0,0.7335196513953771,0.5225818363759344,63.0,66.0,0.05,0.1
ER52_ImpactWithBicuculline,s17b,21,0,0.0,419.58000000000004,419.58000000000004,region,858.0,2.0449020449020447,0.48742616686114354,0.012225000000000819,1.9316223198103324,158.0,0.9475524475524476,2.5940267515923576,1.0,0.0,0.7335196513953771,0.8251036910859704,65.0,66.0,0.05,0.1
ER52_ImpactWithBicuculline,s17c,22,0,0.0,419.58000000000004,419.58000000000004,region,1925.0,4.587921254587921,0.2171168659043659,0.00826249999998474,3.0366886901649774,181.0,0.9989610389610389,2.2135219444444436,1.0,0.0,0.7335196513953771,0.8520056004425695,65.0,66.0,0.05,0.1
ER52_ImpactWithBicuculline,s18a,23,0,0.0,419.58000000000004,419.58000000000004,region,1022.0,2.435769102435769,0.4090953966699315,0.019650000000012824,2.114969977518144,173.0,0.9814090019569471,2.3299572674418614,1.0,0.0,0.7335196513953771,0.8225626094025205,65.0,66.0,0.05,0.1
ER52_ImpactWithBicuculline,s18b,24,0,0.0,419.58000000000004,419.58000000000004,region,3652.0,8.70394203727537,0.11442599972610243,0.005474999999989905,4.225023900977704,182.0,1.0,2.168567541436466,1.0,0.0,0.7335196513953771,0.8264585297637115,65.0,66.0,0.05,0.1
ER52_ImpactWithBicuculline,s19a,25,0,0.0,419.58000000000004,419.58000000000004,region,81.0,0.19305019305019303,5.1642825000000006,4.432199999999995,0.6678112617138027,0.0,0.0,,1.0,0.0,0.7335196513953771,0.5511574166940921,64.0,66.0,0.05,0.1
ER52_ImpactWithBicuculline,s19b,26,0,0.0,419.58000000000004,419.58000000000004,region,2675.0,6.375423042089708,0.15621642670157068,0.005574999999979013,3.614956381449504,182.0,1.0,2.1899397790055266,1.0,0.0,0.7335196513953771,0.8569681366524984,65.0,66.0,0.05,0.1
ER52_ImpactWithBicuculline,s20a,27,0,0.0,419.58000000000004,419.58000000000004,region,832.0,1.9829353162686494,0.5027015342960288,0.025024999999970987,1.8904859911587182,164.0,0.9615384615384616,2.4756949386503067,1.0,0.0,0.7335196513953771,0.754942671069459,65.0,66.0,0.05,0.1
ER52_ImpactWithBicuculline,s20b,28,0,0.0,419.58000000000004,419.58000000000004,region,3881.0,9.249725916392583,0.10767101804123712,0.004824999999989643,4.3858040181151505,182.0,1.0,2.17962955801105,1.0,0.0,0.7335196513953771,0.8308997770242219,65.0,66.0,0.05,0.1
ER52_ImpactWithBicuculline,s20c,29,0,0.0,419.58000000000004,419.58000000000004,region,7.0,0.01668335001668335,43.76759166666667,36.368912500000015,0.7637994723912569,0.0,0.0,,1.0,0.0,0.7335196513953771,0.426789191834597,61.0,66.0,0.05,0.1
ER52_ImpactWithBicuculline,s21a,30,0,0.0,419.58000000000004,419.58000000000004,region,1744.0,4.156537489870823,0.23966607860011474,0.011500000000012278,2.8649070267736625,182.0,1.0,2.1946936464088416,1.0,0.0,0.7335196513953771,0.8028628984775842,65.0,66.0,0.05,0.1
ER52_ImpactWithBicuculline,s21b,31,0,0.0,419.58000000000004,419.58000000000004,region,4724.0,11.25887792554459,0.08845432458183358,0.004025000000012824,4.844245680816555,182.0,1.0,2.172047099447512,1.0,0.0,0.7335196513953771,0.8195531709501364,65.0,66.0,0.05,0.1
ER52_ImpactWithBicuculline,s22a,32,0,0.0,419.58000000000004,419.58000000000004,region,1484.0,3.53687020353687,0.28170016857720837,0.005775000000028285,2.647838493180294,181.0,0.9973045822102425,2.2331168055555564,1.0,0.0,0.7335196513953771,0.853737958014568,65.0,66.0,0.05,0.1
ER52_ImpactWithBicuculline,s23a,33,0,0.0,419.58000000000004,419.58000000000004,region,1435.0,3.4200867534200863,0.29130033124128313,0.010837500000008049,2.584624080863523,178.0,0.9930313588850174,2.2616707627118626,1.0,0.0,0.7335196513953771,0.8463230552873316,65.0,66.0,0.05,0.1
ER52_ImpactWithBicuculline,s23b,34,0,0.0,419.58000000000004,419.58000000000004,region,5035.0,12.000095333428666,0.08299003277711563,0.003999999999976467,4.996688314742967,182.0,1.0,2.1673907458563537,1.0,0.0,0.7335196513953771,0.8211385868159329,65.0,66.0,0.05,0.1
ER52_ImpactWithBicuculline,s24a,35,0,0.0,419.58000000000004,419.58000000000004,region,6018.0,14.34291434291434,0.0694319137443909,0.0033999999999991815,5.476576646910621,182.0,1.0,2.1657809392265195,1.0,0.0,0.7335196513953771,0.8249518903354827,65.0,66.0,0.05,0.1
ER52_ImpactWithBicuculline,s25a,36,0,0.0,419.58000000000004,419.58000000000004,region,4699.0,11.199294532627865,0.08892101958280119,0.003837500000003047,4.846146302367961,182.0,1.0,2.1789578729281747,1.0,0.0,0.7335196513953771,0.8380019637329523,65.0,66.0,0.05,0.1
ER52_ImpactWithBicuculline,s30a,37,0,0.0,419.58000000000004,419.58000000000004,region,507.0,1.2083512083512082,0.8254896245059289,0.007512500000018463,1.481503551215557,103.0,0.7652859960552268,4.073747303921567,1.0,0.0,0.7335196513953771,0.7492104854779555,65.0,66.0,0.05,0.1
ER52_ImpactWithBicuculline,s31a,38,0,0.0,419.58000000000004,419.58000000000004,region,1176.0,2.8028028028028027,0.35554748936170216,0.016050000000007003,2.294696606389666,177.0,0.9931972789115646,2.2690596590909085,1.0,0.0,0.7335196513953771,0.7977219377122191,65.0,66.0,0.05,0.1
ER52_ImpactWithBicuculline,s32a,39,0,0.0,419.58000000000004,419.58000000000004,region,658.0,1.5682349015682346,0.6357428082191781,0.0051749999999941565,1.7022289917786029,130.0,0.8677811550151976,3.2005550387596884,1.0,0.0,0.7335196513953771,0.770655390264253,65.0,66.0,0.05,0.1
