recording,unit_id,unit_index,region_index,window_start_s,window_end_s,window_dur_s,window_source,n_spikes,rate_hz,isi_mean_s,isi_median_s,cv_isi,burst_count,burst_spike_frac,mean_ibi_s,is_active,is_silent,sttc_mean_window,sttc_mean_unit,sttc_degree,n_active_units_window,sttc_dt_s,sttc_degree_thresh,sttc_rate_resid_unit,sttc_rate_resid_window,sttc_degree_delta,sttc_mean_unit_delta,rate_hz_delta,burst_count_delta,tau_rec_burst_s,tau_rec_rate_s,burst_rate_ratio_post0,burst_rate_ratio_post_mid,burst_rate_ratio_post_last,rate_ratio_post0,rate_ratio_post_mid,rate_ratio_post_last,baseline_burst_rate_mean,baseline_rate_mean,injury_label,injury_start_s,injury_end_s,n_baseline_regions,n_post_regions
SMJM_Bicuculline,s2a,0,0,0.0,419.58000000000004,419.58000000000004,region,20.0,0.047666714333380995,20.148765789473686,18.386300000000006,0.9630775177624542,1.0,0.15,,1.0,0.0,0.3536176537900559,0.37968758571866196,40.0,49.0,0.05,0.1,-0.04963274679205798,-0.022531716579823002,8.5,0.31637497899134637,0.8842175508842177,57.5,,,2.709609589018733,1.8520571919273052,1.7163847231337366,3.2971324858216797,3.1618149812061627,2.7735498300162766,0.07448337550378367,0.7788431045233767,Bicuculline,3480.0,3540.0,8,5
SMJM_Bicuculline,s3a,1,0,0.0,419.58000000000004,419.58000000000004,region,585.0,1.394251394251394,0.7152888270547945,0.055324999999999847,1.7140118154856305,90.0,0.6017094017094017,4.5048491573033695,1.0,0.0,0.3536176537900559,0.126553195073276,13.0,49.0,0.05,0.1,-0.3501599493097521,-0.022531716579823002,36.0,0.5904234417671285,-0.12750846084179446,-11.0,,,2.709609589018733,1.8520571919273052,1.7163847231337366,3.2971324858216797,3.1618149812061627,2.7735498300162766,0.07448337550378367,0.7788431045233767,Bicuculline,3480.0,3540.0,8,5
SMJM_Bicuculline,s5a,2,0,0.0,419.58000000000004,419.58000000000004,region,78.0,0.1859001859001859,5.328073376623377,3.8648749999999836,1.1912809461837004,6.0,0.23076923076923078,68.20478,1.0,0.0,0.3536176537900559,0.24471263784640582,37.0,49.0,0.05,0.1,-0.1894727974759847,-0.022531716579823002,9.5,0.20074574417308222,-0.15610848944182276,-6.0,,,2.709609589018733,1.8520571919273052,1.7163847231337366,3.2971324858216797,3.1618149812061627,2.7735498300162766,0.07448337550378367,0.7788431045233767,Bicuculline,3480.0,3540.0,8,5
SMJM_Bicuculline,s5b,3,0,0.0,419.58000000000004,419.58000000000004,region,279.0,0.6649506649506649,1.4882263489208634,0.03171249999999759,2.142823038263419,49.0,0.8566308243727598,8.431151041666665,1.0,0.0,0.3536176537900559,0.3664543643578056,39.0,49.0,0.05,0.1,-0.08459116863951222,-0.022531716579823002,9.5,0.3492609898983259,-0.32651699318365995,-38.0,,,2.709609589018733,1.8520571919273052,1.7163847231337366,3.2971324858216797,3.1618149812061627,2.7735498300162766,0.07448337550378367,0.7788431045233767,Bicuculline,3480.0,3540.0,8,5
SMJM_Bicuculline,s5c,4,0,0.0,419.58000000000004,419.58000000000004,region,222.0,0.5291005291005291,1.8571173076923078,0.025774999999953252,2.4578729505432784,28.0,0.9009009009009009,15.041499074074078,1.0,0.0,0.3536176537900559,0.40128975354094076,41.0,49.0,0.05,0.1,-0.04497455772766634,-0.022531716579823002,8.0,0.29470556520613733,-0.036941703608370235,1.0,,,2.709609589018733,1.8520571919273052,1.7163847231337366,3.2971324858216797,3.1618149812061627,2.7735498300162766,0.07448337550378367,0.7788431045233767,Bicuculline,3480.0,3540.0,8,5
SMJM_Bicuculline,s6a,5,0,0.0,419.58000000000004,419.58000000000004,region,425.0,1.0129176795843462,0.975715978773585,0.023662500000014575,2.546775125172628,62.0,0.9294117647058824,6.587810655737702,1.0,0.0,0.3536176537900559,0.36857879964693957,39.0,49.0,0.05,0.1,-0.09471337146251452,-0.022531716579823002,9.0,0.32379400504965145,-0.6578006578006579,-52.0,,,2.709609589018733,1.8520571919273052,1.7163847231337366,3.2971324858216797,3.1618149812061627,2.7735498300162766,0.07448337550378367,0.7788431045233767,Bicuculline,3480.0,3540.0,8,5
SMJM_Bicuculline,s6b,6,0,0.0,419.58000000000004,419.58000000000004,region,1214.0,2.8933695600362266,0.34219917559769164,0.015600000000006276,3.0768279053821095,61.0,0.8879736408566722,6.5417391666666695,1.0,0.0,0.3536176537900559,0.5201253611823712,48.0,49.0,0.05,0.1,-0.00934898438239462,-0.022531716579823002,1.5,0.1584845177535762,8.483483483483486,33.0,,,2.709609589018733,1.8520571919273052,1.7163847231337366,3.2971324858216797,3.1618149812061627,2.7735498300162766,0.07448337550378367,0.7788431045233767,Bicuculline,3480.0,3540.0,8,5
SMJM_Bicuculline,s6c,7,0,0.0,419.58000000000004,419.58000000000004,region,263.0,0.6268172934839601,1.5668266221374045,0.033149999999999125,2.285778227709271,29.0,0.7870722433460076,14.471336607142858,1.0,0.0,0.3536176537900559,0.46565986312258545,40.0,49.0,0.05,0.1,0.015956427452625044,-0.022531716579823002,7.0,0.2785607342621982,-0.1287001287001287,8.0,,,2.709609589018733,1.8520571919273052,1.7163847231337366,3.2971324858216797,3.1618149812061627,2.7735498300162766,0.07448337550378367,0.7788431045233767,Bicuculline,3480.0,3540.0,8,5
SMJM_Bicuculline,s6d,8,0,0.0,419.58000000000004,419.58000000000004,region,0.0,0.0,,,,0.0,,,0.0,1.0,0.3536176537900559,,0.0,49.0,0.05,0.1,,-0.022531716579823002,28.5,0.2883797501898259,0.308641975308642,25.0,,,2.709609589018733,1.8520571919273052,1.7163847231337366,3.2971324858216797,3.1618149812061627,2.7735498300162766,0.07448337550378367,0.7788431045233767,Bicuculline,3480.0,3540.0,8,5
SMJM_Bicuculline,s7a,9,0,0.0,419.58000000000004,419.58000000000004,region,677.0,1.6135182801849466,0.6073191937869823,0.01295000000000357,3.486684225951972,42.0,0.946824224519941,9.767148780487807,1.0,0.0,0.3536176537900559,0.5079438954978993,41.0,49.0,0.05,0.1,0.023513691482566212,-0.022531716579823002,7.5,0.27073238590557047,0.5898755898755899,51.5,,,2.709609589018733,1.8520571919273052,1.7163847231337366,3.2971324858216797,3.1618149812061627,2.7735498300162766,0.07448337550378367,0.7788431045233767,Bicuculline,3480.0,3540.0,8,5
SMJM_Bicuculline,s7b,10,0,0.0,419.58000000000004,419.58000000000004,region,294.0,0.7007007007007007,1.4007995733788396,0.027825000000007094,2.723590578027299,34.0,0.9115646258503401,12.256524242424248,1.0,0.0,0.3536176537900559,0.49208949669504576,42.0,49.0,0.05,0.1,0.03978574745333041,-0.022531716579823002,7.0,0.23119467171569508,-0.3241336574669908,-17.0,,,2.709609589018733,1.8520571919273052,1.7163847231337366,3.2971324858216797,3.1618149812061627,2.7735498300162766,0.07448337550378367,0.7788431045233767,Bicuculline,3480.0,3540.0,8,5
SMJM_Bicuculline,s8a,11,0,0.0,419.58000000000004,419.58000000000004,region,397.0,0.9461842795176127,1.0367021464646464,0.023575000000008117,3.2319440721652226,34.0,0.9420654911838791,12.186599242424242,1.0,0.0,0.3536176537900559,0.48854951091889315,42.0,49.0,0.05,0.1,0.027606010132314507,-0.022531716579823002,7.0,0.2806664131377456,1.0045760045760048,59.0,,,2.709609589018733,1.8520571919273052,1.7163847231337366,3.2971324858216797,3.1618149812061627,2.7735498300162766,0.07448337550378367,0.7788431045233767,Bicuculline,3480.0,3540.0,8,5
SMJM_Bicuculline,s9a,12,0,0.0,419.58000000000004,419.58000000000004,region,558.0,1.3299013299013298,0.7476466786355477,0.020075000000005616,2.311751509202392,33.0,0.7455197132616488,12.624319531249999,1.0,0.0,0.3536176537900559,0.505463114135098,43.0,49.0,0.05,0.1,0.03101475899198558,-0.022531716579823002,6.0,0.23892651997649328,10.74407741074408,50.0,,,2.709609589018733,1.8520571919273052,1.7163847231337366,3.2971324858216797,3.1618149812061627,2.7735498300162766,0.07448337550378367,0.7788431045233767,Bicuculline,3480.0,3540.0,8,5
SMJM_Bicuculline,s10a,13,0,0.0,419.58000000000004,419.58000000000004,region,42.0,0.10010010010010009,9.966510975609756,0.09189999999999543,1.5471567257550354,6.0,0.5476190476190477,76.45636,1.0,0.0,0.3536176537900559,0.41879179099694613,42.0,49.0,0.05,0.1,-0.012373925338890202,-0.022531716579823002,8.5,0.32941016868615625,1.1201677868344535,68.0,,,2.709609589018733,1.8520571919273052,1.7163847231337366,3.2971324858216797,3.1618149812061627,2.7735498300162766,0.07448337550378367,0.7788431045233767,Bicuculline,3480.0,3540.0,8,5
SMJM_Bicuculline,s11a,14,0,0.0,419.58000000000004,419.58000000000004,region,438.0,1.0439010439010439,0.9392583524027461,0.01815000000000566,3.16549089201784,37.0,0.9269406392694064,11.189590277777775,1.0,0.0,0.3536176537900559,0.5337316409841147,42.0,49.0,0.05,0.1,0.0693490157961828,-0.022531716579823002,7.0,0.2392498980876765,0.19066685733352418,47.5,,,2.709609589018733,1.8520571919273052,1.7163847231337366,3.2971324858216797,3.1618149812061627,2.7735498300162766,0.07448337550378367,0.7788431045233767,Bicuculline,3480.0,3540.0,8,5
SMJM_Bicuculline,s12a,15,0,0.0,419.58000000000004,419.58000000000004,region,535.0,1.2750846084179417,0.7841293071161048,0.47061250000000143,1.115564348406203,22.0,0.17196261682242991,18.82454166666667,1.0,0.0,0.3536176537900559,0.23054800206047288,38.0,49.0,0.05,0.1,-0.2419710881745633,-0.022531716579823002,10.0,0.5210562255102104,1.7875017875017876,89.0,,,2.709609589018733,1.8520571919273052,1.7163847231337366,3.2971324858216797,3.1618149812061627,2.7735498300162766,0.07448337550378367,0.7788431045233767,Bicuculline,3480.0,3540.0,8,5
SMJM_Bicuculline,s13a,16,0,0.0,419.58000000000004,419.58000000000004,region,620.0,1.4776681443348108,0.6749224555735056,0.062274999999999636,1.6180197142006034,69.0,0.4854838709677419,5.985533455882354,1.0,0.0,0.3536176537900559,0.31160952247517665,42.0,49.0,0.05,0.1,-0.16803945981144575,-0.022531716579823002,6.5,0.44379842993607543,1.0427093760427095,33.5,,,2.709609589018733,1.8520571919273052,1.7163847231337366,3.2971324858216797,3.1618149812061627,2.7735498300162766,0.07448337550378367,0.7788431045233767,Bicuculline,3480.0,3540.0,8,5
SMJM_Bicuculline,s14a,17,0,0.0,419.58000000000004,419.58000000000004,region,168.0,0.40040040040040037,2.418448353293413,0.013125000000002274,3.95305053959353,9.0,0.9464285714285714,47.62069687500001,1.0,0.0,0.3536176537900559,0.4734292286327515,40.0,49.0,0.05,0.1,0.031694495843975656,-0.022531716579823002,8.0,0.17708041369969596,2.1700271700271703,134.0,,,2.709609589018733,1.8520571919273052,1.7163847231337366,3.2971324858216797,3.1618149812061627,2.7735498300162766,0.07448337550378367,0.7788431045233767,Bicuculline,3480.0,3540.0,8,5
SMJM_Bicuculline,s15a,18,0,0.0,419.58000000000004,419.58000000000004,region,106.0,0.25263358596691926,3.955202857142856,2.6251250000000255,1.16169120553471,3.0,0.12264150943396226,160.936225,1.0,0.0,0.3536176537900559,0.20939690851435122,37.0,49.0,0.05,0.1,-0.22713719713091474,-0.022531716579823002,10.5,0.5624417690973484,1.4335764335764338,78.0,,,2.709609589018733,1.8520571919273052,1.7163847231337366,3.2971324858216797,3.1618149812061627,2.7735498300162766,0.07448337550378367,0.7788431045233767,Bicuculline,3480.0,3540.0,8,5
SMJM_Bicuculline,s16a,19,0,0.0,419.58000000000004,419.58000000000004,region,310.0,0.7388340721674054,1.328442071197411,0.025150000000000006,2.483955602171699,35.0,0.8161290322580645,11.917397058823529,1.0,0.0,0.3536176537900559,0.4822299646260599,42.0,49.0,0.05,0.1,0.02858411805698713,-0.022531716579823002,7.0,0.2602805046582734,0.6113256113256115,45.5,,,2.709609589018733,1.8520571919273052,1.7163847231337366,3.2971324858216797,3.1618149812061627,2.7735498300162766,0.07448337550378367,0.7788431045233767,Bicuculline,3480.0,3540.0,8,5
SMJM_Bicuculline,s16b,20,0,0.0,419.58000000000004,419.58000000000004,region,532.0,1.2679346012679344,0.7730086629001884,0.013774999999981219,3.4436340742604554,34.0,0.9473684210526315,12.191496212121212,1.0,0.0,0.3536176537900559,0.5407447462937728,42.0,49.0,0.05,0.1,0.06847729930761609,-0.022531716579823002,7.0,0.20591438252621963,6.24910624910625,51.5,,,2.709609589018733,1.8520571919273052,1.7163847231337366,3.2971324858216797,3.1618149812061627,2.7735498300162766,0.07448337550378367,0.7788431045233767,Bicuculline,3480.0,3540.0,8,5
SMJM_Bicuculline,s17a,21,0,0.0,419.58000000000004,419.58000000000004,region,377.0,0.8985175651842318,1.0916922207446809,0.021137499999994702,3.4273837468325685,30.0,0.9575596816976127,13.89836293103448,1.0,0.0,0.3536176537900559,0.5430899200131886,42.0,49.0,0.05,0.1,0.0838240408858067,-0.022531716579823002,7.0,0.19826295473939015,-0.03575003575003566,33.0,,,2.709609589018733,1.8520571919273052,1.7163847231337366,3.2971324858216797,3.1618149812061627,2.7735498300162766,0.07448337550378367,0.7788431045233767,Bicuculline,3480.0,3540.0,8,5
SMJM_Bicuculline,s18a,22,0,0.0,419.58000000000004,419.58000000000004,region,905.0,2.15691882358549,0.46210696902654863,0.15823749999999848,1.3293400294592945,76.0,0.41104972375690607,5.3305430000000005,1.0,0.0,0.3536176537900559,0.3284219722101593,43.0,49.0,0.05,0.1,-0.17513311872001674,-0.022531716579823002,5.0,0.21119573878217046,-1.182134515467849,-31.0,,,2.709609589018733,1.8520571919273052,1.7163847231337366,3.2971324858216797,3.1618149812061627,2.7735498300162766,0.07448337550378367,0.7788431045233767,Bicuculline,3480.0,3540.0,8,5
SMJM_Bicuculline,s20a,23,0,0.0,419.58000000000004,419.58000000000004,region,875.0,2.0854187520854186,0.47810348970251715,0.054774999999978036,1.889151640223616,74.0,0.6182857142857143,5.441958904109589,1.0,0.0,0.3536176537900559,0.4388671833710789,42.0,49.0,0.05,0.1,-0.062171475070302074,-0.022531716579823002,6.5,0.2547657978699641,0.6566089899423233,63.0,,,2.709609589018733,1.8520571919273052,1.7163847231337366,3.2971324858216797,3.1618149812061627,2.7735498300162766,0.07448337550378367,0.7788431045233767,Bicuculline,3480.0,3540.0,8,5
SMJM_Bicuculline,s20b,24,0,0.0,419.58000000000004,419.58000000000004,region,300.0,0.7150007150007149,1.37986254180602,0.2576750000000061,1.4665211315440416,27.0,0.4166666666666667,15.568600961538463,1.0,0.0,0.3536176537900559,0.3640493502672493,42.0,49.0,0.05,0.1,-0.08875768547222507,-0.022531716579823002,7.0,0.3038582923654679,0.20020020020020024,30.5,,,2.709609589018733,1.8520571919273052,1.7163847231337366,3.2971324858216797,3.1618149812061627,2.7735498300162766,0.07448337550378367,0.7788431045233767,Bicuculline,3480.0,3540.0,8,5
SMJM_Bicuculline,s20c,25,0,0.0,419.58000000000004,419.58000000000004,region,165.0,0.39325039325039324,2.5033730182926828,0.13287500000001273,1.572853660659655,17.0,0.42424242424242425,22.22765312500001,1.0,0.0,0.3536176537900559,0.351090111215788,41.0,49.0,0.05,0.1,-0.09039297832410836,-0.022531716579823002,7.5,0.09619772078192224,0.281233614566948,10.5,,,2.709609589018733,1.8520571919273052,1.7163847231337366,3.2971324858216797,3.1618149812061627,2.7735498300162766,0.07448337550378367,0.7788431045233767,Bicuculline,3480.0,3540.0,8,5
SMJM_Bicuculline,s21a,26,0,0.0,419.58000000000004,419.58000000000004,region,38.0,0.09056675723342389,10.06369662162162,6.226849999999985,1.125234675050413,2.0,0.15789473684210525,183.357425,1.0,0.0,0.3536176537900559,0.130034306479708,26.0,49.0,0.05,0.1,-0.30079588552428893,-0.022531716579823002,21.5,0.5936470861802476,0.5636588969922304,44.0,,,2.709609589018733,1.8520571919273052,1.7163847231337366,3.2971324858216797,3.1618149812061627,2.7735498300162766,0.07448337550378367,0.7788431045233767,Bicuculline,3480.0,3540.0,8,5
SMJM_Bicuculline,s21b,27,0,0.0,419.58000000000004,419.58000000000004,region,109.0,0.25978359311692645,3.783623842592593,1.6728250000000031,1.3780605640707415,8.0,0.22935779816513763,39.18399285714286,1.0,0.0,0.3536176537900559,0.13682667667236856,25.0,49.0,0.05,0.1,-0.29995907222177687,-0.022531716579823002,23.0,0.5042918666239845,-0.019066685733352406,-4.0,,,2.709609589018733,1.8520571919273052,1.7163847231337366,3.2971324858216797,3.1618149812061627,2.7735498300162766,0.07448337550378367,0.7788431045233767,Bicuculline,3480.0,3540.0,8,5
SMJM_Bicuculline,s21c,28,0,0.0,419.58000000000004,419.58000000000004,region,79.0,0.18828352161685494,5.261768910256411,0.0467000000000084,1.9392032899291656,8.0,0.6582278481012658,54.562524999999994,1.0,0.0,0.3536176537900559,0.4622157644887945,42.0,49.0,0.05,0.1,0.027946448083444153,-0.022531716579823002,7.0,0.30222791509991825,4.169645836312504,78.0,,,2.709609589018733,1.8520571919273052,1.7163847231337366,3.2971324858216797,3.1618149812061627,2.7735498300162766,0.07448337550378367,0.7788431045233767,Bicuculline,3480.0,3540.0,8,5
SMJM_Bicuculline,s28a,29,0,0.0,419.58000000000004,419.58000000000004,region,226.0,0.5386338719672052,1.8233963333333334,0.016825000000011414,3.1152591418095312,15.0,0.8982300884955752,28.598301785714284,1.0,0.0,0.3536176537900559,0.489995297831737,40.0,49.0,0.05,0.1,0.043395462231290594,-0.022531716579823002,8.5,0.2590528215335479,6.406406406406408,72.0,,,2.709609589018733,1.8520571919273052,1.7163847231337366,3.2971324858216797,3.1618149812061627,2.7735498300162766,0.07448337550378367,0.7788431045233767,Bicuculline,3480.0,3540.0,8,5
SMJM_Bicuculline,s29a,30,0,0.0,419.58000000000004,419.58000000000004,region,72.0,0.17160017160017157,5.687169366197183,0.02812499999998863,3.297377877235835,7.0,0.9583333333333334,63.530325000000005,1.0,0.0,0.3536176537900559,0.32416037433723005,36.0,49.0,0.05,0.1,-0.10952177448740141,-0.022531716579823002,13.0,0.3827044895576468,0.14061680728347398,0.5,,,2.709609589018733,1.8520571919273052,1.7163847231337366,3.2971324858216797,3.1618149812061627,2.7735498300162766,0.07448337550378367,0.7788431045233767,Bicuculline,3480.0,3540.0,8,5
SMJM_Bicuculline,s29b,31,0,0.0,419.58000000000004,419.58000000000004,region,232.0,0.5529338862672195,1.782733225108225,0.059449999999998226,1.823250339886327,16.0,0.5818965517241379,26.72767333333333,1.0,0.0,0.3536176537900559,0.4298645296840797,42.0,49.0,0.05,0.1,-0.017238592414125786,-0.022531716579823002,7.0,0.2777214978982312,5.130130130130131,117.5,,,2.709609589018733,1.8520571919273052,1.7163847231337366,3.2971324858216797,3.1618149812061627,2.7735498300162766,0.07448337550378367,0.7788431045233767,Bicuculline,3480.0,3540.0,8,5
SMJM_Bicuculline,s30a,32,0,0.0,419.58000000000004,419.58000000000004,region,310.0,0.7388340721674054,1.327912702265372,0.010249999999999204,3.4790731496740626,14.0,0.9193548387096774,31.153515384615385,1.0,0.0,0.3536176537900559,0.5061765109293285,40.0,49.0,0.05,0.1,0.05253066436025572,-0.022531716579823002,8.5,0.21662007484790874,13.929405596072264,68.0,,,2.709609589018733,1.8520571919273052,1.7163847231337366,3.2971324858216797,3.1618149812061627,2.7735498300162766,0.07448337550378367,0.7788431045233767,Bicuculline,3480.0,3540.0,8,5
SMJM_Bicuculline,s31a,33,0,0.0,419.58000000000004,419.58000000000004,region,262.0,0.624433957767291,1.5841412835249042,0.046950000000009595,1.6906318494943697,15.0,0.5725190839694656,28.660232142857144,1.0,0.0,0.3536176537900559,0.3688793340130669,40.0,49.0,0.05,0.1,-0.08074022057393371,-0.022531716579823002,9.5,0.4133379250481043,7.474140807474143,65.0,,,2.709609589018733,1.8520571919273052,1.7163847231337366,3.2971324858216797,3.1618149812061627,2.7735498300162766,0.07448337550378367,0.7788431045233767,Bicuculline,3480.0,3540.0,8,5
SMJM_Bicuculline,s36a,34,0,0.0,419.58000000000004,419.58000000000004,region,455.0,1.0844177510844177,0.9172656938325991,0.23848750000000507,1.49278279250603,36.0,0.2703296703296703,11.183755714285715,1.0,0.0,0.3536176537900559,0.23219504936801136,40.0,49.0,0.05,0.1,-0.23361355423023786,-0.022531716579823002,9.5,0.4811601270438968,-0.4254254254254253,15.5,,,2.709609589018733,1.8520571919273052,1.7163847231337366,3.2971324858216797,3.1618149812061627,2.7735498300162766,0.07448337550378367,0.7788431045233767,Bicuculline,3480.0,3540.0,8,5
SMJM_Bicuculline,s37a,35,0,0.0,419.58000000000004,419.58000000000004,region,439.0,1.0462843796177128,0.9407834474885844,0.11403750000002333,1.6073639399406339,52.0,0.44874715261959,7.935952941176468,1.0,0.0,0.3536176537900559,0.07845460487092225,9.0,49.0,0.05,0.1,-0.38601190139996955,-0.022531716579823002,37.0,0.13971685787083063,-0.5529338862672196,-26.5,,,2.709609589018733,1.8520571919273052,1.7163847231337366,3.2971324858216797,3.1618149812061627,2.7735498300162766,0.07448337550378367,0.7788431045233767,Bicuculline,3480.0,3540.0,8,5
SMJM_Bicuculline,s37b,36,0,0.0,419.58000000000004,419.58000000000004,region,139.0,0.33128366461699793,3.0086842391304347,2.115374999999986,0.9300633194515734,1.0,0.02158273381294964,,1.0,0.0,0.3536176537900559,0.05162092381668615,6.0,49.0,0.05,0.1,-0.38768125756625443,-0.022531716579823002,41.5,0.43157373318859393,-0.0858000858000858,2.0,,,2.709609589018733,1.8520571919273052,1.7163847231337366,3.2971324858216797,3.1618149812061627,2.7735498300162766,0.07448337550378367,0.7788431045233767,Bicuculline,3480.0,3540.0,8,5
SMJM_Bicuculline,s37c,37,0,0.0,419.58000000000004,419.58000000000004,region,191.0,0.4552171218837885,2.163638421052632,0.09194999999999975,1.641564395767513,13.0,0.4607329842931937,31.739714583333328,1.0,0.0,0.3536176537900559,0.3448465443941809,45.0,49.0,0.05,0.1,-0.09881745330267122,-0.022531716579823002,4.0,0.37113153388659537,0.42780876114209454,37.5,,,2.709609589018733,1.8520571919273052,1.7163847231337366,3.2971324858216797,3.1618149812061627,2.7735498300162766,0.07448337550378367,0.7788431045233767,Bicuculline,3480.0,3540.0,8,5
SMJM_Bicuculline,s38a,38,0,0.0,419.58000000000004,419.58000000000004,region,686.0,1.634968301634968,0.6098250729927007,0.04395000000000948,1.9496748953106462,103.0,0.6588921282798834,3.9420237745098037,1.0,0.0,0.3536176537900559,0.07420524566369248,10.0,49.0,0.05,0.1,-0.4109798880982792,-0.022531716579823002,39.0,0.4381355561049919,-0.4802421469088136,-23.5,,,2.709609589018733,1.8520571919273052,1.7163847231337366,3.2971324858216797,3.1618149812061627,2.7735498300162766,0.07448337550378367,0.7788431045233767,Bicuculline,3480.0,3540.0,8,5
SMJM_Bicuculline,s39a,39,0,0.0,419.58000000000004,419.58000000000004,region,2873.0,6.84732351399018,0.14581365772980504,0.03551250000001005,2.0451823052857523,373.0,0.8172641837800209,0.9662796370967747,1.0,0.0,0.3536176537900559,0.3766257093809229,48.0,49.0,0.05,0.1,-0.2920073528142132,-0.022531716579823002,0.5,0.39045339414972435,-2.3416273416273423,-254.5,,,2.709609589018733,1.8520571919273052,1.7163847231337366,3.2971324858216797,3.1618149812061627,2.7735498300162766,0.07448337550378367,0.7788431045233767,Bicuculline,3480.0,3540.0,8,5
