recording,unit_id,unit_index,region_index,window_start_s,window_end_s,window_dur_s,window_source,n_spikes,rate_hz,isi_mean_s,isi_median_s,cv_isi
SMJM_Bicuculline,s2a,0,0,0.0,419.58000000000004,419.58000000000004,region,20.0,0.047666714333380995,20.148765789473686,18.386300000000006,0.9630775177624542
SMJM_Bicuculline,s3a,1,0,0.0,419.58000000000004,419.58000000000004,region,585.0,1.394251394251394,0.7152888270547945,0.055324999999999847,1.7140118154856305
SMJM_Bicuculline,s5a,2,0,0.0,419.58000000000004,419.58000000000004,region,78.0,0.1859001859001859,5.328073376623377,3.8648749999999836,1.1912809461837004
SMJM_Bicuculline,s5b,3,0,0.0,419.58000000000004,419.58000000000004,region,279.0,0.6649506649506649,1.4882263489208634,0.03171249999999759,2.142823038263419
SMJM_Bicuculline,s5c,4,0,0.0,419.58000000000004,419.58000000000004,region,222.0,0.5291005291005291,1.8571173076923078,0.025774999999953252,2.4578729505432784
SMJM_Bicuculline,s6a,5,0,0.0,419.58000000000004,419.58000000000004,region,425.0,1.0129176795843462,0.975715978773585,0.023662500000014575,2.546775125172628
SMJM_Bicuculline,s6b,6,0,0.0,419.58000000000004,419.58000000000004,region,1214.0,2.8933695600362266,0.34219917559769164,0.015600000000006276,3.0768279053821095
SMJM_Bicuculline,s6c,7,0,0.0,419.58000000000004,419.58000000000004,region,263.0,0.6268172934839601,1.5668266221374045,0.033149999999999125,2.285778227709271
SMJM_Bicuculline,s6d,8,0,0.0,419.58000000000004,419.58000000000004,region,0.0,0.0,,,
SMJM_Bicuculline,s7a,9,0,0.0,419.58000000000004,419.58000000000004,region,677.0,1.6135182801849466,0.6073191937869823,0.01295000000000357,3.486684225951972
SMJM_Bicuculline,s7b,10,0,0.0,419.58000000000004,419.58000000000004,region,294.0,0.7007007007007007,1.4007995733788396,0.027825000000007094,2.723590578027299
SMJM_Bicuculline,s8a,11,0,0.0,419.58000000000004,419.58000000000004,region,397.0,0.9461842795176127,1.0367021464646464,0.023575000000008117,3.2319440721652226
SMJM_Bicuculline,s9a,12,0,0.0,419.58000000000004,419.58000000000004,region,558.0,1.3299013299013298,0.7476466786355477,0.020075000000005616,2.311751509202392
SMJM_Bicuculline,s10a,13,0,0.0,419.58000000000004,419.58000000000004,region,42.0,0.10010010010010009,9.966510975609756,0.09189999999999543,1.5471567257550354
SMJM_Bicuculline,s11a,14,0,0.0,419.58000000000004,419.58000000000004,region,438.0,1.0439010439010439,0.9392583524027461,0.01815000000000566,3.16549089201784
SMJM_Bicuculline,s12a,15,0,0.0,419.58000000000004,419.58000000000004,region,535.0,1.2750846084179417,0.7841293071161048,0.47061250000000143,1.115564348406203
SMJM_Bicuculline,s13a,16,0,0.0,419.58000000000004,419.58000000000004,region,620.0,1.4776681443348108,0.6749224555735056,0.062274999999999636,1.6180197142006034
SMJM_Bicuculline,s14a,17,0,0.0,419.58000000000004,419.58000000000004,region,168.0,0.40040040040040037,2.418448353293413,0.013125000000002274,3.95305053959353
SMJM_Bicuculline,s15a,18,0,0.0,419.58000000000004,419.58000000000004,region,106.0,0.25263358596691926,3.955202857142856,2.6251250000000255,1.16169120553471
SMJM_Bicuculline,s16a,19,0,0.0,419.58000000000004,419.58000000000004,region,310.0,0.7388340721674054,1.328442071197411,0.025150000000000006,2.483955602171699
SMJM_Bicuculline,s16b,20,0,0.0,419.58000000000004,419.58000000000004,region,532.0,1.2679346012679344,0.7730086629001884,0.013774999999981219,3.4436340742604554
SMJM_Bicuculline,s17a,21,0,0.0,419.58000000000004,419.58000000000004,region,377.0,0.8985175651842318,1.0916922207446809,0.021137499999994702,3.4273837468325685
SMJM_Bicuculline,s18a,22,0,0.0,419.58000000000004,419.58000000000004,region,905.0,2.15691882358549,0.46210696902654863,0.15823749999999848,1.3293400294592945
SMJM_Bicuculline,s20a,23,0,0.0,419.58000000000004,419.58000000000004,region,875.0,2.0854187520854186,0.47810348970251715,0.054774999999978036,1.889151640223616
SMJM_Bicuculline,s20b,24,0,0.0,419.58000000000004,419.58000000000004,region,300.0,0.7150007150007149,1.37986254180602,0.2576750000000061,1.4665211315440416
SMJM_Bicuculline,s20c,25,0,0.0,419.58000000000004,419.58000000000004,region,165.0,0.39325039325039324,2.5033730182926828,0.13287500000001273,1.572853660659655
SMJM_Bicuculline,s21a,26,0,0.0,419.58000000000004,419.58000000000004,region,38.0,0.09056675723342389,10.06369662162162,6.226849999999985,1.125234675050413
SMJM_Bicuculline,s21b,27,0,0.0,419.58000000000004,419.58000000000004,region,109.0,0.25978359311692645,3.783623842592593,1.6728250000000031,1.3780605640707415
SMJM_Bicuculline,s21c,28,0,0.0,419.58000000000004,419.58000000000004,region,79.0,0.18828352161685494,5.261768910256411,0.0467000000000084,1.9392032899291656
SMJM_Bicuculline,s28a,29,0,0.0,419.58000000000004,419.58000000000004,region,226.0,0.5386338719672052,1.8233963333333334,0.016825000000011414,3.1152591418095312
SMJM_Bicuculline,s29a,30,0,0.0,419.58000000000004,419.58000000000004,region,72.0,0.17160017160017157,5.687169366197183,0.02812499999998863,3.297377877235835
SMJM_Bicuculline,s29b,31,0,0.0,419.58000000000004,419.58000000000004,region,232.0,0.5529338862672195,1.782733225108225,0.059449999999998226,1.823250339886327
SMJM_Bicuculline,s30a,32,0,0.0,419.58000000000004,419.58000000000004,region,310.0,0.7388340721674054,1.327912702265372,0.010249999999999204,3.4790731496740626
SMJM_Bicuculline,s31a,33,0,0.0,419.58000000000004,419.58000000000004,region,262.0,0.624433957767291,1.5841412835249042,0.046950000000009595,1.6906318494943697
SMJM_Bicuculline,s36a,34,0,0.0,419.58000000000004,419.58000000000004,region,455.0,1.0844177510844177,0.9172656938325991,0.23848750000000507,1.49278279250603
SMJM_Bicuculline,s37a,35,0,0.0,419.58000000000004,419.58000000000004,region,439.0,1.0462843796177128,0.9407834474885844,0.11403750000002333,1.6073639399406339
SMJM_Bicuculline,s37b,36,0,0.0,419.58000000000004,419.58000000000004,region,139.0,0.33128366461699793,3.0086842391304347,2.115374999999986,0.9300633194515734
SMJM_Bicuculline,s37c,37,0,0.0,419.58000000000004,419.58000000000004,region,191.0,0.4552171218837885,2.163638421052632,0.09194999999999975,1.641564395767513
SMJM_Bicuculline,s38a,38,0,0.0,419.58000000000004,419.58000000000004,region,686.0,1.634968301634968,0.6098250729927007,0.04395000000000948,1.9496748953106462
SMJM_Bicuculline,s39a,39,0,0.0,419.58000000000004,419.58000000000004,region,2873.0,6.84732351399018,0.14581365772980504,0.03551250000001005,2.0451823052857523
